"","X","start","stop","seq"
"1",1,1,43,"ataTAACCCAATaatTTGAAGTAACTGGCaggagcgaggtatc"
"22",22,496,505,"ATAAAAACAC"
"13",13,318,325,"acaacgag"
"28",28,558,643,"AACGGACTAGcgaACTGGGTTATTTTTTTGCgcCGACTTAGccCTGATCCGcGAGCTTAACCCGTTTTGAGCCGggcaGCAGGTAG"
"37",37,779,784,"atcatc"
"12",12,310,317,"ATAATCGC"
"21",21,487,495,"tagaaagtc"
"38",38,785,800,"ATAATAAATGTTTTGC"
"41",41,848,870,"ccattttccattttccatgttct"
"2",2,44,70,"CTTCCTGGTTACCCGGTACTGCATAAC"
"23",23,506,520,"ataataatgatgtcg"
"4",4,103,110,"AAAAGCTG"
"15",15,341,384,"cagggcattccgccgatctagccatcgccatcttctgcgggcgt"
"26",26,537,550,"GCAGGTCCAGGCAA"
"17",17,422,429,"cttggaat"
"32",32,685,708,"CTAACTTGCGCAAGTGGCAAGTGG"
"35",35,747,770,"cctggtacagttggtacgctggga"
"16",16,385,421,"TTGTTTGTTTGTTTGCtGGGATTAGccAAGGGCTTGA"
"9",9,178,221,"gttgcagcgtttcgctttcgtcctcgtttcactttcgagttaga"
"40",40,817,847,"CTTTTCAAATTAAGTCCcggcaACTGGGTTC"
"27",27,551,557,"cgcaatt"
"14",14,326,340,"ACCGGGTTGCGAAGT"
"5",5,111,134,"gcctggtttctcgctgtgtgtgcc"
"42",42,871,878,"GCGGGCAG"
"29",29,644,661,"ttgtgggtggaccccacg"
"36",36,771,778,"ATGATTAT"
"25",25,531,536,"gggcgc"
"6",6,135,147,"GTGTTAATCCGTT"
"11",11,267,309,"tgtgccatactttcatttagacggaatcgagggaccctggact"
"30",30,662,671,"ATTTTTTTGG"
"39",39,801,816,"ccaacgaaaccgaaaa"
"10",10,222,266,"CTTTATTGCAGCATcTTGAACAAtcgtCGCAGTTTGGTAACACGC"
"19",19,438,443,"gatccc"
"34",34,738,746,"TATCCCGGT"
"33",33,709,737,"ccggtttgctggcccaaaagaggaggcac"
"20",20,444,486,"TAGCCCGATcCCAATCCCAATCCCAATCCCTTGTCCTTTTCAT"
"31",31,672,684,"ccaaacctccaag"
"18",18,430,437,"CCAATCCC"
"3",3,71,102,"aatggaacccgaaccgtaactgggacagatcg"
"24",24,521,530,"AAGGGATTAG"
"7",7,148,157,"tgccatcagc"
"8",8,158,177,"GAGATTATTAGTCAATTGCA"
"43",43,879,898,"gggcggccattatctcgcta"
