"","X","start","stop","seq"
"39",39,801,816,"ccaacgaaaccgaaaa"
"32",32,685,708,"CTAACTTGCGCAAGTGGCAAGTGG"
"21",21,487,495,"tagaaagtc"
"40",40,817,847,"CTTTTCAAATTAAGTCCcggcaACTGGGTTC"
"7",7,148,157,"tgccatcagc"
"36",36,771,778,"ATGATTAT"
"37",37,779,784,"atcatc"
"10",10,222,266,"CTTTATTGCAGCATcTTGAACAAtcgtCGCAGTTTGGTAACACGC"
"15",15,341,384,"cagggcattccgccgatctagccatcgccatcttctgcgggcgt"
"14",14,326,340,"ACCGGGTTGCGAAGT"
"17",17,422,429,"cttggaat"
"6",6,135,147,"GTGTTAATCCGTT"
"31",31,672,684,"ccaaacctccaag"
"8",8,158,177,"GAGATTATTAGTCAATTGCA"
"9",9,178,221,"gttgcagcgtttcgctttcgtcctcgtttcactttcgagttaga"
"26",26,537,550,"GCAGGTCCAGGCAA"
"11",11,267,309,"tgtgccatactttcatttagacggaatcgagggaccctggact"
"24",24,521,530,"AAGGGATTAG"
"27",27,551,557,"cgcaatt"
"22",22,496,505,"ATAAAAACAC"
"3",3,71,102,"aatggaacccgaaccgtaactgggacagatcg"
"20",20,444,486,"TAGCCCGATcCCAATCCCAATCCCAATCCCTTGTCCTTTTCAT"
"35",35,747,770,"cctggtacagttggtacgctggga"
"18",18,430,437,"CCAATCCC"
"41",41,848,870,"ccattttccattttccatgttct"
"16",16,385,421,"TTGTTTGTTTGTTTGCtGGGATTAGccAAGGGCTTGA"
"19",19,438,443,"gatccc"
"34",34,738,746,"TATCCCGGT"
"33",33,709,737,"ccggtttgctggcccaaaagaggaggcac"
"38",38,785,800,"ATAATAAATGTTTTGC"
"13",13,318,325,"acaacgag"
"2",2,44,70,"CTTCCTGGTTACCCGGTACTGCATAAC"
"5",5,111,134,"gcctggtttctcgctgtgtgtgcc"
"28",28,558,643,"AACGGACTAGcgaACTGGGTTATTTTTTTGCgcCGACTTAGccCTGATCCGcGAGCTTAACCCGTTTTGAGCCGggcaGCAGGTAG"
"23",23,506,520,"ataataatgatgtcg"
"12",12,310,317,"ATAATCGC"
"29",29,644,661,"ttgtgggtggaccccacg"
"30",30,662,671,"ATTTTTTTGG"
"1",1,1,43,"ataTAACCCAATaatTTGAAGTAACTGGCaggagcgaggtatc"
"4",4,103,110,"AAAAGCTG"
"25",25,531,536,"gggcgc"
